,tweet_id,retweets,likes
0,892420643555336193,8666,39039
1,892177421306343426,6366,33431
2,891815181378084864,4227,25201
3,891689557279858688,8771,42401
4,891327558926688256,9549,40553
5,891087950875897856,3168,20343
6,890971913173991426,2109,11930
7,890729181411237888,19207,65983
8,890609185150312448,4328,27931
9,890240255349198849,7543,32145
10,890006608113172480,7455,30828
11,889880896479866881,5044,27956
12,889665388333682689,10231,48349
13,889638837579907072,4616,27354
14,889531135344209921,2264,15186
15,889278841981685760,5533,25439
16,888917238123831296,4574,29268
17,888804989199671297,4424,25754
18,888554962724278272,3652,20053
19,888078434458587136,3567,21910
20,887705289381826560,5482,30383
21,887517139158093824,11847,46492
22,887473957103951883,18522,69572
23,887343217045368832,10565,33883
24,887101392804085760,6058,30748
25,886983233522544640,7890,35412
26,886736880519319552,3353,12158
27,886680336477933568,4543,22581
28,886366144734445568,3237,21263
29,886267009285017600,4,117
30,886258384151887873,6393,28153
31,886054160059072513,105,0
32,885984800019947520,6919,32937
33,885528943205470208,6544,36224
34,885518971528720385,3821,20555
35,885311592912609280,18870,0
36,885167619883638784,4453,22086
37,884925521741709313,18810,78012
38,884876753390489601,5942,28126
39,884562892145688576,5000,24463
40,884441805382717440,5741,27172
41,884247878851493888,20749,73464
42,884162670584377345,3041,20506
43,883838122936631299,3503,22048
44,883482846933004288,10149,46270
45,883360690899218434,3748,22694
46,883117836046086144,6781,37464
47,882992080364220416,3999,24084
48,882762694511734784,5002,28513
49,882627270321602560,6185,28054
50,882268110199369728,11802,45259
51,882045870035918850,5068,29550
52,881906580714921986,3447,24451
53,881666595344535552,10865,50892
54,881633300179243008,7,129
55,881536004380872706,16259,49753
56,881268444196462592,5239,23212
57,880935762899988482,2827,17123
58,880872448815771648,3892,21444
59,880465832366813184,6396,28708
60,880221127280381952,4311,27263
61,880095782870896641,4430,27804
62,879862464715927552,3562,22441
63,879674319642796034,10,314
64,879492040517615616,3244,23550
65,879415818425184262,44963,106633
66,879376492567855104,3172,16880
67,879130579576475649,6986,0
68,879050749262655488,4808,22745
69,879008229531029506,2742,19078
70,878776093423087618,4208,19515
71,878604707211726852,7390,30486
72,878404777348136964,1318,0
73,878316110768087041,6797,0
74,878281511006478336,1318,7819
75,878057613040115712,6986,42333
76,877736472329191424,19567,80512
77,877611172832227328,81,0
78,877556246731214848,3908,22958
79,877316821321428993,5292,27542
80,877201837425926144,5713,27339
81,876838120628539392,3435,20833
82,876537666061221889,4699,23593
83,876484053909872640,2459,18913
84,876120275196170240,4793,28104
85,875747767867523072,4388,25394
86,875144289856114688,5026,22081
87,875097192612077568,6181,27616
88,875021211251597312,4809,25683
89,874680097055178752,4751,28079
90,874434818259525634,15139,0
91,874296783580663808,4216,26277
92,874057562936811520,4048,22828
93,874012996292530176,10733,35016
94,873580283840344065,4041,24485
95,873337748698140672,1627,0
96,873213775632977920,1627,7348
97,872967104147763200,5545,27652
98,872820683541237760,3792,14853
99,872668790621863937,30,0
100,872620804844003328,3805,21014
101,872486979161796608,9229,41060
102,872261713294495745,6510,34610
103,872122724285648897,8352,34847
104,871879754684805121,11581,38550
105,871762521631449091,3581,20509
106,871515927908634625,3552,20466
107,871166179821445120,5860,0
108,871102520638267392,5645,21173
109,871032628920680449,3910,22957
110,870804317367881728,6423,34105
111,870726314365509632,3,120
112,870656317836468226,2741,12624
113,870374049280663552,27087,83871
114,870308999962521604,4288,22153
115,870063196459192321,8628,37239
116,869772420881756160,10409,43086
117,869702957897576449,6548,28710
118,869596645499047938,3247,16253
119,869227993411051520,3932,20805
120,868880397819494401,15038,66813
121,868639477480148993,2178,0
122,868622495443632128,6145,27883
123,868552278524837888,2178,10371
124,867900495410671616,4346,24631
125,867774946302451713,7619,34661
126,867421006826221569,2629,16501
127,867072653475098625,131,0
128,867051520902168576,8225,32932
129,866720684873056260,5045,20569
130,866686824827068416,3642,19789
131,866450705531457537,36792,124809
132,866334964761202691,15139,53878
133,866094527597207552,8731,0
134,865718153858494464,5863,26234
135,865359393868664832,5244,27141
136,865006731092295680,8040,28698
137,864873206498414592,9159,33165
138,864279568663928832,3198,14990
139,864197398364647424,9405,30981
140,863907417377173506,4346,21178
141,863553081350529029,4377,15696
142,863471782782697472,2608,0
143,863432100342583297,5547,24444
144,863427515083354112,102,2325
145,863079547188785154,1157,8989
146,863062471531167744,2608,8793
147,862831371563274240,5333,19716
148,862722525377298433,3721,17549
149,862457590147678208,5235,21164
150,862096992088072192,24554,76844
151,861383897657036800,11283,37181
152,861288531465048066,4395,17721
153,861005113778896900,4021,17250
154,860981674716409858,2279,0
155,860924035999428608,862,0
156,860563773140209665,2279,7741
157,860524505164394496,5571,24366
158,860276583193509888,3670,18897
159,860184849394610176,6179,17220
160,860177593139703809,32656,0
161,859924526012018688,4261,19736
162,859851578198683649,3711,15893
163,859607811541651456,1668,19207
164,859196978902773760,32082,93045
165,859074603037188101,14436,35080
166,858860390427611136,8613,0
167,858843525470990336,3685,16083
168,858471635011153920,5146,22276
169,858107933456039936,3092,16292
170,857989990357356544,2750,16714
171,857746408056729600,11276,35501
172,857393404942143489,1738,6135
173,857263160327368704,4823,20721
174,857214891891077121,20,239
175,857062103051644929,180,0
176,857029823797047296,4267,19632
177,856602993587888130,11392,0
178,856543823941562368,3071,16919
179,856526610513747968,2011,12284
180,856330835276025856,722,0
181,856288084350160898,17,533
182,856282028240666624,6731,28728
183,855862651834028034,28,362
184,855860136149123072,1104,5059
185,855857698524602368,2266,12315
186,855851453814013952,18853,47225
187,855818117272018944,5822,27678
188,855459453768019968,8823,31218
189,855245323840757760,6418,0
190,855138241867124737,49,0
191,854732716440526848,6547,23840
192,854482394044301312,7407,30660
193,854365224396361728,5054,19744
194,854120357044912130,8092,33393
195,854010172552949760,3378,16911
196,853760880890318849,6255,29977
197,853639147608842240,10994,36618
198,853299958564483072,3850,16289
199,852936405516943360,2186,0
200,852912242202992640,1994,9484
201,852672615818899456,2325,15683
202,852553447878664193,3808,17222
203,852311364735569921,10739,34824
204,852226086759018497,7407,21041
205,852189679701164033,1710,12049
206,851953902622658560,10465,0
207,851861385021730816,23,0
208,851591660324737024,3755,17071
209,851464819735769094,7685,25591
210,851224888060895234,6224,21770
211,850753642995093505,10135,32836
212,850380195714523136,2844,13785
213,850333567704068097,362,3602
214,850145622816686080,4155,17256
215,850019790995546112,5343,21635
216,849776966551130114,8306,32218
217,849668094696017920,5411,0
218,849412302885593088,3421,16804
219,849336543269576704,2062,12090
220,849051919805034497,9319,44737
221,848690551926992896,4722,26711
222,848324959059550208,5032,26249
223,848213670039564288,816,8677
224,848212111729840128,3366,17341
225,847978865427394560,3567,0
226,847971574464610304,471,0
227,847962785489326080,5622,24910
228,847842811428974592,1479,5839
229,847617282490613760,459,7441
230,847606175596138505,3704,19903
231,847251039262605312,4689,21682
232,847157206088847362,6431,21240
233,847116187444137987,3505,22767
234,846874817362120707,4321,21357
235,846514051647705089,12759,47587
236,846505985330044928,3410,15062
237,846153765933735936,9969,33828
238,846139713627017216,10769,32768
239,846042936437604353,3160,17018
240,845812042753855489,9648,31215
241,845677943972139009,5247,26752
242,845397057150107648,2016,8123
243,845306882940190720,5928,24858
244,845098359547420673,8453,0
245,844979544864018432,2849,14525
246,844973813909606400,3535,16125
247,844704788403113984,11392,41342
248,844580511645339650,3455,17573
249,844223788422217728,2410,14541
250,843981021012017153,3217,16107
251,843856843873095681,5112,22855
252,843604394117681152,3017,18035
253,843235543001513987,6701,22973
254,842846295480000512,3942,16225
255,842765311967449089,1416,7207
256,842535590457499648,3854,19336
257,842163532590374912,6418,26200
258,842115215311396866,3329,15001
259,841833993020538882,17037,0
260,841680585030541313,8566,27425
261,841439858740625411,4079,13534
262,841320156043304961,5985,21116
263,841314665196081154,5195,17017
264,841077006473256960,5860,24553
265,840761248237133825,1939,0
266,840728873075638272,17877,0
267,840698636975636481,3,195
268,840696689258311684,1093,13185
269,840632337062862849,1939,9622
270,840370681858686976,5043,17651
271,840268004936019968,6343,20664
272,839990271299457024,2545,14404
273,839549326359670784,8613,29547
274,839290600511926273,157,0
275,839239871831150596,7255,29206
276,838952994649550848,4412,21052
277,838921590096166913,2297,12001
278,838916489579200512,37,0
279,838831947270979586,12309,0
280,838561493054533637,1471,11718
281,838476387338051585,5343,24294
282,838201503651401729,11243,0
283,838150277551247360,359,1802
284,838085839343206401,0,149
285,838083903487373313,3490,18920
286,837820167694528512,8731,36768
287,837482249356513284,490,4139
288,837471256429613056,2564,13776
289,837366284874571778,5879,22707
290,837110210464448512,2667,17229
291,836989968035819520,2554,13674
292,836753516572119041,5125,20707
293,836677758902222849,2463,13565
294,836648853927522308,614,0
295,836397794269200385,30669,0
296,836380477523124226,3266,15833
297,836260088725786625,4761,22850
298,836001077879255040,4814,20582
299,835685285446955009,9122,0
300,835574547218894849,4033,19171
301,835536468978302976,1892,0
302,835309094223372289,23451,0
303,835297930240217089,3322,17627
304,835264098648616962,1892,8365
305,835246439529840640,81,2237
306,835172783151792128,6392,28130
307,835152434251116546,3371,24188
308,834931633769889797,1836,11671
309,834786237630337024,6060,22679
310,834574053763584002,2819,14777
311,834477809192075265,11896,0
312,834458053273591808,1865,10362
313,834209720923721728,5339,22225
314,834167344700198914,4040,16962
315,834089966724603904,2370,10831
316,834086379323871233,2464,14078
317,833863086058651648,2673,14454
318,833826103416520705,3835,16515
319,833732339549220864,242,0
320,833722901757046785,3570,22273
321,833479644947025920,2298,16015
322,833124694597443584,5411,21814
323,832998151111966721,2475,14361
324,832769181346996225,44,0
325,832757312314028032,4035,18170
326,832682457690300417,3294,12829
327,832645525019123713,579,3146
328,832636094638288896,3137,17131
329,832397543355072512,2487,12926
330,832369877331693569,3567,18534
331,832273440279240704,2611,12193
332,832215909146226688,6915,0
333,832215726631055365,10467,0
334,832088576586297345,2,72
335,832040443403784192,10865,0
336,832032802820481025,5216,19303
337,831939777352105988,6874,25957
338,831926988323639298,37,366
339,831911600680497154,7296,29905
340,831670449226514432,2025,11303
341,831650051525054464,2186,7763
342,831552930092285952,2563,9738
343,831322785565769729,1708,9911
344,831315979191906304,1242,7013
345,831309418084069378,2721,12642
346,831262627380748289,2299,12871
347,830956169170665475,1687,8615
348,830583320585068544,18870,72397
349,830173239259324417,6393,0
350,830097400375152640,3377,10644
351,829878982036299777,5623,0
352,829861396166877184,2200,13256
353,829501995190984704,11896,34354
354,829449946868879360,2281,11354
355,829374341691346946,10465,37548
356,829141528400556032,8323,26574
357,829011960981237760,18201,57386
358,828801551087042563,3816,0
359,828770345708580865,6598,27698
360,828708714936930305,12587,39660
361,828650029636317184,1506,10308
362,828409743546925057,1285,6810
363,828408677031882754,1436,8292
364,828381636999917570,2490,13680
365,828376505180889089,1191,8011
366,828372645993398273,3276,13570
367,828361771580813312,192,2371
368,828046555563323392,3202,12761
369,828011680017821696,2398,11227
370,827933404142436356,5873,21864
371,827653905312006145,3364,16763
372,827600520311402496,1056,8043
373,827324948884643840,3427,17226
374,827199976799354881,2516,11486
375,826958653328592898,5623,23426
376,826848821049180160,11553,39687
377,826615380357632002,4434,0
378,826598799820865537,288,5559
379,826598365270007810,2640,10943
380,826476773533745153,4715,20000
381,826240494070030336,2911,14407
382,826204788643753985,1055,5287
383,826115272272650244,3525,17040
384,825876512159186944,2102,11359
385,825829644528148480,2797,13831
386,825535076884762624,19342,56537
387,825147591692263424,5143,19899
388,825120256414846976,1448,0
389,825026590719483904,1448,6913
390,824796380199809024,6175,0
391,824775126675836928,3967,16281
392,824663926340194305,1953,10948
393,824325613288833024,11653,12817
394,824297048279236611,4357,16362
395,824025158776213504,667,5188
396,823939628516474880,3052,11582
397,823719002937630720,12690,0
398,823699002998870016,2714,13659
399,823581115634085888,2984,14184
400,823333489516937216,29,761
401,823322678127919110,4540,17163
402,823269594223824897,11125,0
403,822975315408461824,3876,18853
404,822872901745569793,49565,144133
405,822859134160621569,2572,14388
406,822647212903690241,7225,0
407,822610361945911296,3342,16078
408,822489057087389700,7225,19792
409,822462944365645825,16704,31253
410,822244816520155136,11125,38231
411,822163064745328640,5446,0
412,821886076407029760,2640,12389
413,821813639212650496,3765,0
414,821765923262631936,1870,9202
415,821522889702862852,1993,8739
416,821421320206483457,6318,0
417,821407182352777218,4924,12871
418,821153421864615936,10,276
419,821149554670182400,2271,9543
420,821107785811234820,2413,10483
421,821044531881721856,2584,13822
422,820837357901512704,7560,0
423,820749716845686786,11243,34469
424,820690176645140481,3640,13346
425,820494788566847489,638,0
426,820446719150292993,2916,0
427,820314633777061888,638,3652
428,820078625395449857,7098,21626
429,820013781606658049,1334,0
430,819952236453363712,1334,5820
431,819924195358416896,5478,14047
432,819711362133872643,3539,14676
433,819588359383371776,2221,10451
434,819347104292290561,1358,7892
435,819238181065359361,454,2504
436,819227688460238848,7560,25240
437,819015337530290176,41327,0
438,819015331746349057,21336,0
439,819006400881917954,21336,49256
440,819004803107983360,41327,94174
441,818646164899774465,23549,0
442,818627210458333184,8397,24244
443,818614493328580609,2917,10792
444,818588835076603904,6967,0
445,818536468981415936,2804,11945
446,818307523543449600,9185,0
447,818259473185828864,2571,12026
448,818145370475810820,2940,13464
449,817908911860748288,891,5283
450,817827839487737858,30669,56770
451,817777686764523521,3013,11711
452,817536400337801217,3434,12912
453,817502432452313088,3837,0
454,817423860136083457,17037,37544
455,817415592588222464,1093,6144
456,817181837579653120,9646,0
457,817171292965273600,2273,9541
458,817120970343411712,2962,13264
459,817056546584727552,1874,9374
460,816829038950027264,5357,0
461,816816676327063552,2312,10920
462,816697700272001025,2488,10738
463,816450570814898180,9185,33483
464,816336735214911488,2219,9418
465,816091915477250048,2441,9773
466,816062466425819140,1184,0
467,816014286006976512,6028,0
468,815990720817401858,1184,5461
469,815966073409433600,9646,24645
470,815745968457060357,4681,0
471,815736392542261248,2570,10776
472,815639385530101762,1866,9022
473,815390420867969024,4304,11308
474,814986499976527872,1472,8356
475,814638523311648768,3071,12341
476,814578408554463233,6608,0
477,814530161257443328,2105,9503
478,814153002265309185,9863,31506
479,813944609378369540,3661,0
480,813910438903693312,2137,10181
481,813812741911748608,15902,39795
482,813800681631023104,2010,9159
483,813217897535406080,8270,20475
484,813202720496779264,2042,10055
485,813187593374461952,4951,21740
486,813172488309972993,2180,10237
487,813157409116065792,2511,8474
488,813142292504645637,2670,9220
489,813130366689148928,500,4891
490,813127251579564032,3565,13035
491,813112105746448384,3141,11330
492,813096984823349248,4110,11521
493,813081950185472002,3143,10826
494,813066809284972545,2209,8726
495,813051746834595840,8309,22973
496,812781120811126785,2163,8284
497,812747805718642688,7899,0
498,812709060537683968,1628,7266
499,812503143955202048,1392,6681
500,812466873996607488,2186,8778
501,812372279581671427,4170,15009
502,811985624773361665,1593,7975
503,811744202451197953,1831,8282
504,811647686436880384,843,6118
505,811627233043480576,3561,14052
506,811386762094317568,7261,22933
507,810984652412424192,1624,5857
508,810896069567610880,2036,9944
509,810657578271330305,2998,12028
510,810284430598270976,13016,38981
511,810254108431155201,3816,16131
512,809920764300447744,4434,16996
513,809808892968534016,5578,0
514,809448704142938112,1668,7606
515,809220051211603969,6393,21892
516,809084759137812480,3978,14478
517,808838249661788160,3452,11087
518,808733504066486276,2455,8671
519,808501579447930884,2944,12391
520,808344865868283904,23549,46622
521,808134635716833280,6792,0
522,808106460588765185,2470,9572
523,808001312164028416,4011,13798
524,807621403335917568,4184,16018
525,807106840509214720,61663,123605
526,807059379405148160,8329,0
527,807010152071229440,4332,14309
528,806629075125202948,39828,82760
529,806620845233815552,6275,0
530,806576416489959424,2191,5304
531,806542213899489280,2700,11219
532,806242860592926720,13297,0
533,806219024703037440,1366,7040
534,805958939288408065,6108,0
535,805932879469572096,2156,9078
536,805826884734976000,2081,7228
537,805823200554876929,9170,0
538,805520635690676224,1878,6290
539,805487436403003392,2870,9626
540,805207613751304193,1927,8550
541,804738756058218496,4377,15116
542,804475857670639616,2296,6771
543,804413760345620481,3651,0
544,804026241225523202,18457,49052
545,803773340896923648,3146,11052
546,803692223237865472,8478,0
547,803638050916102144,4714,12075
548,803380650405482500,2119,8500
549,803321560782307329,6077,0
550,803276597545603072,2810,11045
551,802952499103731712,2279,9933
552,802624713319034886,3327,0
553,802600418706604034,1670,7833
554,802572683846291456,2856,9829
555,802323869084381190,6655,17866
556,802265048156610565,1545,6967
557,802239329049477120,2962,9970
558,802185808107208704,306,0
559,801958328846974976,1940,8484
560,801854953262350336,265,1933
561,801538201127157760,2341,9006
562,801285448605831168,942,6675
563,801167903437357056,6792,26973
564,801127390143516673,4526,0
565,801115127852503040,2369,8876
566,800859414831898624,111,764
567,800855607700029440,1853,0
568,800751577355128832,3151,11543
569,800513324630806528,3422,14471
570,800459316964663297,2436,10387
571,800443802682937345,4929,0
572,800388270626521089,3186,12266
573,800188575492947969,4477,0
574,800141422401830912,2916,16839
575,800018252395122689,15019,31283
576,799774291445383169,5357,0
577,799757965289017345,2458,9260
578,799422933579902976,2172,8842
579,799308762079035393,6322,0
580,799297110730567681,3164,10903
581,799063482566066176,2800,8910
582,798933969379225600,5096,14500
583,798925684722855936,1636,8160
584,798705661114773508,7530,0
585,798701998996647937,8903,0
586,798697898615730177,7431,0
587,798694562394996736,5679,0
588,798686750113755136,2641,0
589,798682547630837760,5401,0
590,798673117451325440,6346,0
591,798665375516884993,4431,0
592,798644042770751489,2109,0
593,798628517273620480,2232,0
594,798585098161549313,6505,0
595,798576900688019456,6720,0
596,798340744599797760,3834,0
597,798209839306514432,2900,11399
598,797971864723324932,3578,12824
599,797545162159308800,5515,15978
600,797236660651966464,7552,22014
601,797165961484890113,32,254
602,796904159865868288,10177,0
603,796865951799083009,2155,8437
604,796759840936919040,3493,13076
605,796563435802726400,8343,0
606,796484825502875648,2006,8345
607,796387464403357696,4743,12138
608,796177847564038144,16287,0
609,796149749086875649,16287,35654
610,796125600683540480,2035,5442
611,796116448414461957,2753,10005
612,796080075804475393,2632,9304
613,796031486298386433,4204,11892
614,795464331001561088,27140,54915
615,795400264262053889,3259,11126
616,795076730285391872,6175,17879
617,794983741416415232,3839,0
618,794926597468000259,2636,11318
619,794355576146903043,11741,0
620,794332329137291264,3013,10524
621,794205286408003585,3795,10156
622,793962221541933056,5578,18566
623,793845145112371200,2137,10141
624,793614319594401792,3573,0
625,793601777308463104,1864,8789
626,793500921481273345,2716,11773
627,793286476301799424,10467,27150
628,793271401113350145,2688,9515
629,793256262322548741,9486,22021
630,793241302385262592,3732,11603
631,793226087023144960,3260,10834
632,793210959003287553,3221,9837
633,793195938047070209,6393,16818
634,793180763617361921,2254,7612
635,793165685325201412,3172,10352
636,793150605191548928,1952,6791
637,793135492858580992,2830,7107
638,793120401413079041,4448,13972
639,792913359805018113,4591,15814
640,792883833364439040,4864,12463
641,792773781206999040,1917,8087
642,792394556390137856,4887,14881
643,792050063153438720,2040,7909
644,791821351946420224,23964,0
645,791784077045166082,11014,0
646,791780927877898241,4332,0
647,791774931465953280,25308,49642
648,791672322847637504,3573,12948
649,791406955684368384,4681,14460
650,791312159183634433,2894,9689
651,791026214425268224,4704,0
652,790987426131050500,2426,10919
653,790946055508652032,5357,18295
654,790723298204217344,2642,0
655,790698755171364864,2163,9035
656,790581949425475584,8152,22775
657,790337589677002753,2127,8626
658,790277117346975746,3661,13844
659,790227638568808452,4082,0
660,789986466051088384,2642,10217
661,789960241177853952,4739,0
662,789903600034189313,4713,11450
663,789628658055020548,2028,8312
664,789599242079838210,2206,7487
665,789530877013393408,3839,12960
666,789314372632018944,2616,9484
667,789280767834746880,5626,0
668,789268448748703744,2951,10048
669,789137962068021249,3175,10691
670,788908386943430656,14127,30157
671,788765914992902144,11741,30237
672,788552643979468800,8222,0
673,788412144018661376,6047,17186
674,788178268662984705,2431,7975
675,788150585577050112,1485,6769
676,788070120937619456,3879,0
677,788039637453406209,1504,6756
678,787810552592695296,3473,9568
679,787717603741622272,3167,11250
680,787397959788929025,3222,11929
681,787322443945877504,1988,8585
682,787111942498508800,7616,0
683,786963064373534720,9122,29235
684,786729988674449408,2753,0
685,786709082849828864,6915,19990
686,786664955043049472,2929,11762
687,786595970293370880,3524,10353
688,786363235746385920,3980,12003
689,786286427768250368,3263,8793
690,786233965241827333,5446,16892
691,786051337297522688,176,1587
692,786036967502913536,8029,0
693,785927819176054784,3580,12511
694,785872687017132033,2072,7354
695,785639753186217984,2512,8588
696,785533386513321988,2285,10031
697,785515384317313025,1437,6706
698,785264754247995392,1863,8003
699,785170936622350336,5526,13305
700,784826020293709826,3651,11163
701,784517518371221505,2880,9868
702,784431430411685888,1449,6241
703,784183165795655680,9170,22140
704,784057939640352768,12690,32918
705,783839966405230592,12309,33107
706,783821107061198850,2226,8095
707,783695101801398276,3652,11476
708,783466772167098368,2558,9314
709,783391753726550016,6274,18579
710,783347506784731136,6380,0
711,783334639985389568,13297,32142
712,783085703974514689,2509,8954
713,782969140009107456,8329,26529
714,782747134529531904,1575,8193
715,782722598790725632,6108,18959
716,782598640137187329,2139,8571
717,782305867769217024,6318,18327
718,782021823840026624,7090,0
719,781955203444699136,3820,12184
720,781661882474196992,3074,11449
721,781655249211752448,1263,4395
722,781524693396357120,6275,22812
723,781308096455073793,2889,7843
724,781251288990355457,2387,9282
725,781163403222056960,3088,10715
726,780931614150983680,8343,23763
727,780858289093574656,2260,7891
728,780800785462489090,1470,6057
729,780601303617732608,3765,13283
730,780543529827336192,1971,6925
731,780496263422808064,4220,0
732,780476555013349377,134,0
733,780459368902959104,1203,5797
734,780192070812196864,2534,9565
735,780092040432480260,2607,0
736,780074436359819264,5667,13465
737,779834332596887552,8029,20919
738,779377524342161408,3531,9685
739,779124354206535695,20845,0
740,779123168116150273,4127,12962
741,779056095788752897,5118,16230
742,778990705243029504,8256,21976
743,778774459159379968,11277,0
744,778764940568104960,414,941
745,778748913645780993,1519,7575
746,778650543019483137,1693,6344
747,778624900596654080,1142,5103
748,778408200802557953,4915,14933
749,778396591732486144,13877,0
750,778383385161035776,1247,6415
751,778286810187399168,3749,11381
752,778039087836069888,2989,9301
753,778027034220126208,1839,7202
754,777953400541634568,3985,0
755,777885040357281792,1857,6971
756,777684233540206592,3327,12322
757,777641927919427584,4823,0
758,777621514455814149,2824,9592
759,777189768882946048,4892,15689
760,776819012571455488,15508,0
761,776813020089548800,1370,5352
762,776477788987613185,3167,9718
763,776249906839351296,10382,0
764,776218204058357768,18072,32855
765,776201521193218049,2841,10513
766,776113305656188928,4929,12888
767,776088319444877312,173,2008
768,775898661951791106,17485,0
769,775842724423557120,3032,12822
770,775733305207554048,4526,15186
771,775729183532220416,5190,14150
772,775364825476165632,3376,8167
773,775350846108426240,4432,11127
774,775085132600442880,5357,17022
775,774757898236878852,1987,9335
776,774639387460112384,1964,7373
777,774314403806253056,6322,23832
778,773985732834758656,4382,11753
779,773922284943896577,1951,6995
780,773704687002451968,1843,7202
781,773670353721753600,1464,5837
782,773547596996571136,6967,24138
783,773336787167145985,5772,0
784,773308824254029826,8452,25403
785,773247561583001600,3616,10251
786,773191612633579521,4632,10929
787,772877495989305348,4391,9395
788,772826264096874500,2615,8719
789,772615324260794368,3809,0
790,772581559778025472,1919,7091
791,772193107915964416,1566,6568
792,772152991789019136,1269,4124
793,772117678702071809,825,4096
794,772114945936949249,531,2963
795,772102971039580160,1046,4385
796,771908950375665664,2129,7188
797,771770456517009408,3834,13144
798,771500966810099713,2948,9034
799,771380798096281600,5772,11542
800,771171053431250945,8518,0
801,771136648247640064,3284,10064
802,771102124360998913,1616,6794
803,771014301343748096,1868,7535
804,771004394259247104,248,0
805,770787852854652928,1378,5417
806,770772759874076672,1588,5671
807,770743923962707968,51320,0
808,770655142660169732,1971,8011
809,770414278348247044,2323,6876
810,770293558247038976,1676,6813
811,770093767776997377,3433,0
812,770069151037685760,2594,8271
813,769940425801170949,10865,34402
814,769695466921623552,1876,6992
815,769335591808995329,8653,0
816,769212283578875904,1925,5905
817,768970937022709760,7382,15757
818,768909767477751808,3058,0
819,768855141948723200,1013,4586
820,768609597686943744,1358,4496
821,768596291618299904,1438,5504
822,768554158521745409,6559,0
823,768473857036525572,3865,14866
824,768193404517830656,3985,11920
825,767884188863397888,1586,5206
826,767754930266464257,6077,17527
827,767500508068192258,2635,8166
828,767191397493538821,4297,13419
829,767122157629476866,3202,11047
830,766864461642756096,6367,0
831,766793450729734144,1532,5553
832,766714921925144576,429,2833
833,766693177336135680,891,4413
834,766423258543644672,1786,6581
835,766313316352462849,2121,7395
836,766078092750233600,2910,0
837,766069199026450432,982,4676
838,766008592277377025,561,4071
839,765719909049503744,2422,7890
840,765669560888528897,1375,5661
841,765395769549590528,3801,28582
842,765371061932261376,2421,7729
843,765222098633691136,3809,12692
844,764857477905154048,1983,6985
845,764259802650378240,1708,6605
846,763956972077010945,61,800
847,763837565564780549,4704,13793
848,763183847194451968,1666,5921
849,763167063695355904,3406,0
850,763103485927849985,2551,8024
851,762699858130116608,4082,13307
852,762471784394268675,7358,12328
853,762464539388485633,4739,11316
854,762316489655476224,1267,5267
855,762035686371364864,17535,34885
856,761976711479193600,2267,5901
857,761750502866649088,4438,0
858,761745352076779520,962,4651
859,761672994376806400,32656,54041
860,761599872357261312,1315,4505
861,761371037149827077,20096,0
862,761334018830917632,1623,5697
863,761292947749015552,1237,4879
864,761227390836215808,1736,5811
865,761004547850530816,3879,12286
866,760893934457552897,1087,4177
867,760656994973933572,2156,7212
868,760641137271070720,1450,5398
869,760539183865880579,4066,8264
870,760521673607086080,1573,4618
871,760290219849637889,12872,29178
872,760252756032651264,972,4287
873,760190180481531904,2024,6226
874,760153949710192640,37,0
875,759943073749200896,2336,6480
876,759923798737051648,6367,16012
877,759846353224826880,2220,7318
878,759793422261743616,2137,6491
879,759566828574212096,23782,0
880,759557299618865152,1315,5120
881,759447681597108224,2753,9269
882,759446261539934208,552,1821
883,759197388317847553,2175,6611
884,759159934323924993,1324,0
885,759099523532779520,4711,15813
886,759047813560868866,2257,7101
887,758854675097526272,1001,3856
888,758828659922702336,4289,12195
889,758740312047005698,1788,6239
890,758474966123810816,1109,4151
891,758467244762497024,2487,5237
892,758405701903519748,2151,5667
893,758355060040593408,1213,3732
894,758099635764359168,11277,20933
895,758041019896193024,423,2959
896,757741869644341248,3630,7490
897,757729163776290825,9116,0
898,757725642876129280,1366,4945
899,757611664640446465,1246,4957
900,757597904299253760,326,0
901,757596066325864448,1184,4744
902,757400162377592832,7613,16496
903,757393109802180609,1960,6348
904,757354760399941633,1591,4923
905,756998049151549440,2227,6824
906,756939218950160384,2240,7232
907,756651752796094464,1481,5524
908,756526248105566208,4065,11321
909,756303284449767430,1203,4298
910,756288534030475264,17848,39927
911,756275833623502848,1710,7007
912,755955933503782912,3223,7966
913,755206590534418437,6012,17917
914,755110668769038337,12382,23067
915,754874841593970688,8986,0
916,754856583969079297,2815,7481
917,754747087846248448,583,2803
918,754482103782404096,2173,5770
919,754449512966619136,823,4084
920,754120377874386944,2603,8530
921,754011816964026368,4019,9569
922,753655901052166144,2436,6359
923,753420520834629632,3992,8595
924,753398408988139520,2143,6297
925,753375668877008896,2607,8279
926,753298634498793472,6474,0
927,753294487569522689,1162,3701
928,753039830821511168,23451,40387
929,753026973505581056,1088,4223
930,752932432744185856,7616,13740
931,752917284578922496,1750,7468
932,752701944171524096,3223,0
933,752682090207055872,1798,6537
934,752660715232722944,1755,4805
935,752568224206688256,2549,6039
936,752519690950500352,3840,8029
937,752334515931054080,1235,4154
938,752309394570878976,18611,0
939,752173152931807232,2062,6471
940,751950017322246144,1039,3358
941,751937170840121344,1497,5682
942,751830394383790080,2179,6318
943,751793661361422336,3258,6376
944,751598357617971201,3374,8570
945,751583847268179968,1246,4792
946,751538714308972544,1412,5466
947,751456908746354688,1105,3476
948,751251247299190784,6552,13579
949,751205363882532864,2039,6852
950,751132876104687617,1455,5530
951,750868782890057730,1557,5214
952,750719632563142656,5626,14386
953,750506206503038976,1283,4848
954,750429297815552001,4823,14320
955,750383411068534784,1274,4928
956,750381685133418496,35,748
957,750147208377409536,1077,3360
958,750132105863102464,1406,3939
959,750117059602808832,1441,4679
960,750101899009982464,938,3301
961,750086836815486976,607,2358
962,750071704093859840,3728,8518
963,750056684286914561,992,3391
964,750041628174217216,690,3447
965,750026558547456000,875,2943
966,750011400160841729,1013,3520
967,749996283729883136,898,3281
968,749981277374128128,2728,5543
969,749774190421639168,1466,5042
970,749417653287129088,1867,6618
971,749403093750648834,609,2848
972,749395845976588288,3864,9336
973,749317047558017024,2462,5959
974,749075273010798592,2306,6256
975,749064354620928000,1685,5196
976,749036806121881602,874,3364
977,748977405889503236,3803,11660
978,748932637671223296,2505,6346
979,748705597323898880,1049,2997
980,748699167502000129,1779,5134
981,748692773788876800,1472,4588
982,748575535303884801,2222,6578
983,748568946752774144,754,2370
984,748346686624440324,1380,5652
985,748337862848962560,4598,8323
986,748324050481647620,851,4018
987,748307329658011649,798,3976
988,748220828303695873,8664,15290
989,747963614829678593,2399,6284
990,747933425676525569,2841,7182
991,747885874273214464,1099,3191
992,747844099428986880,831,3036
993,747816857231626240,1294,5264
994,747651430853525504,175,1494
995,747648653817413632,6493,13969
996,747600769478692864,607,2515
997,747594051852075008,1179,3991
998,747512671126323200,1761,6022
999,747461612269887489,1156,4191
1000,747439450712596480,2147,5890
1001,747242308580548608,3199,0
1002,747219827526344708,1747,5712
1003,747204161125646336,1018,3665
1004,747103485104099331,4453,10383
1005,746906459439529985,331,3115
1006,746872823977771008,2384,6483
1007,746818907684614144,1907,5719
1008,746790600704425984,1774,5269
1009,746757706116112384,4332,10331
1010,746726898085036033,1993,6537
1011,746542875601690625,2066,5440
1012,746521445350707200,1089,0
1013,746507379341139972,1201,5018
1014,746369468511756288,1825,6537
1015,746131877086527488,2450,7443
1016,746056683365994496,913,3838
1017,745789745784041472,1182,4364
1018,745712589599014916,2583,7526
1019,745433870967832576,2820,7685
1020,745422732645535745,2711,9259
1021,745314880350101504,3067,7733
1022,745074613265149952,3894,8460
1023,745057283344719872,2533,7820
1024,744995568523612160,701,3227
1025,744971049620602880,2978,8507
1026,744709971296780288,1725,6043
1027,744334592493166593,2376,7298
1028,744234799360020481,77988,129084
1029,744223424764059648,415,1838
1030,743980027717509120,1208,4483
1031,743895849529389061,1060,3931
1032,743835915802583040,2327,0
1033,743609206067040256,1526,4840
1034,743595368194129920,7286,19946
1035,743545585370791937,1044,3803
1036,743510151680958465,4089,8517
1037,743253157753532416,1336,4549
1038,743222593470234624,2109,6681
1039,743210557239623680,1511,4142
1040,742534281772302336,3933,7605
1041,742528092657332225,2198,4803
1042,742465774154047488,4292,7825
1043,742423170473463808,4220,10644
1044,742385895052087300,2207,7330
1045,742161199639494656,1519,4683
1046,742150209887731712,1737,5564
1047,741793263812808706,1668,4899
1048,741743634094141440,3066,8814
1049,741438259667034112,923,3957
1050,741303864243200000,3575,9481
1051,741099773336379392,6121,10816
1052,741067306818797568,3433,10182
1053,740995100998766593,3079,6912
1054,740711788199743490,1035,3681
1055,740699697422163968,864,3058
1056,740676976021798912,7530,19559
1057,740373189193256964,14744,37384
1058,740365076218183684,483,2674
1059,740359016048689152,945,3560
1060,740214038584557568,2176,7204
1061,739979191639244800,6559,21513
1062,739932936087216128,1192,4373
1063,739844404073074688,938,4081
1064,739623569819336705,1513,4106
1065,739606147276148736,1839,5814
1066,739544079319588864,23782,42926
1067,739485634323156992,3249,7756
1068,739238157791694849,51320,73867
1069,738891149612572673,6,115
1070,738885046782832640,1255,4053
1071,738883359779196928,895,3604
1072,738537504001953792,1728,5487
1073,738402415918125056,939,3531
1074,738184450748633089,1334,4655
1075,738166403467907072,3761,9475
1076,738156290900254721,733,2727
1077,737826014890496000,1962,5664
1078,737800304142471168,3824,10761
1079,737678689543020544,1477,5428
1080,737445876994609152,4944,11113
1081,737322739594330112,886,3881
1082,737310737551491075,8187,15804
1083,736736130620620800,1927,4648
1084,736392552031657984,8222,19150
1085,736365877722001409,1375,4313
1086,736225175608430592,3052,8743
1087,736010884653420544,3275,8519
1088,735991953473572864,1268,3874
1089,735648611367784448,1208,4322
1090,735635087207878657,2607,6672
1091,735274964362878976,5615,13992
1092,735256018284875776,973,3618
1093,735137028879360001,1068,3368
1094,734912297295085568,568,2939
1095,734787690684657664,6961,13527
1096,734776360183431168,599,2695
1097,734559631394082816,438,1612
1098,733828123016450049,860,3863
1099,733822306246479872,1115,3954
1100,733482008106668032,1048,3378
1101,733460102733135873,1413,4525
1102,733109485275860992,17485,45690
1103,732726085725589504,978,3799
1104,732585889486888962,850,3962
1105,732375214819057664,2773,8700
1106,732005617171337216,6028,16061
1107,731285275100512256,1076,3747
1108,731156023742988288,1398,4124
1109,730924654643314689,2185,6581
1110,730573383004487680,2380,5301
1111,730427201120833536,1152,3737
1112,730211855403241472,1154,4114
1113,730196704625098752,2123,5253
1114,729854734790754305,1230,4321
1115,729838605770891264,421,1831
1116,729823566028484608,1368,4290
1117,729463711119904772,2536,6237
1118,729113531270991872,362,2025
1119,728986383096946689,899,3410
1120,728760639972315136,1871,5015
1121,728751179681943552,743,2998
1122,728653952833728512,1149,3562
1123,728409960103686147,2220,5296
1124,728387165835677696,1050,3942
1125,728046963732717569,1295,4639
1126,728035342121635841,1839,4880
1127,728015554473250816,1204,4410
1128,727685679342333952,698,3150
1129,727644517743104000,1923,6336
1130,727524757080539137,1352,4808
1131,727314416056803329,823,3563
1132,727286334147182592,902,3264
1133,727175381690781696,1503,4151
1134,727155742655025152,1461,3912
1135,726935089318363137,2691,7391
1136,726887082820554753,1657,4121
1137,726828223124897792,1106,3815
1138,726224900189511680,1274,4737
1139,725842289046749185,2910,7573
1140,725786712245440512,1492,4464
1141,725729321944506368,1957,5565
1142,725458796924002305,685,1512
1143,724983749226668032,1435,3973
1144,724771698126512129,708,2548
1145,724405726123311104,1813,5700
1146,724049859469295616,1943,4654
1147,724046343203856385,609,2859
1148,724004602748780546,1744,4488
1149,723912936180330496,1347,4173
1150,723688335806480385,3277,8296
1151,723673163800948736,985,3242
1152,723179728551723008,2065,5685
1153,722974582966214656,1726,4408
1154,722613351520608256,1797,5312
1155,721503162398597120,2071,4997
1156,721001180231503872,677,2711
1157,720785406564900865,847,3344
1158,720775346191278080,745,2652
1159,720415127506415616,1641,4427
1160,720389942216527872,2772,6871
1161,720340705894408192,1074,3073
1162,720059472081784833,1243,4168
1163,720043174954147842,2202,5257
1164,719991154352222208,1931,5196
1165,719704490224398336,1591,4890
1166,719551379208073216,2129,5417
1167,719367763014393856,812,2985
1168,719339463458033665,1370,4728
1169,719332531645071360,1050,3656
1170,718971898235854848,1210,3748
1171,718939241951195136,1930,5619
1172,718631497683582976,8903,20351
1173,718613305783398402,531,2624
1174,718540630683709445,1113,2673
1175,718460005985447936,586,2897
1176,718454725339934721,1654,5227
1177,718246886998687744,556,2068
1178,718234618122661888,1101,4146
1179,717841801130979328,656,2622
1180,717790033953034240,1244,3114
1181,717537687239008257,2023,6180
1182,717428917016076293,502,1713
1183,717421804990701568,930,3384
1184,717047459982213120,2095,6726
1185,717009362452090881,1081,3508
1186,716802964044845056,1289,4570
1187,716791146589110272,1523,5920
1188,716730379797970944,467,1319
1189,716447146686459905,6472,14081
1190,716439118184652801,242,2531
1191,716285507865542656,1196,2986
1192,716080869887381504,1913,5240
1193,715928423106027520,968,3437
1194,715758151270801409,1568,4009
1195,715733265223708672,1869,5005
1196,715704790270025728,622,3008
1197,715696743237730304,1421,4188
1198,715680795826982913,1784,4636
1199,715360349751484417,1731,5861
1200,715342466308784130,756,3240
1201,715220193576927233,724,2583
1202,715200624753819648,2070,5495
1203,715009755312439296,1366,4476
1204,714982300363173890,1134,4028
1205,714962719905021952,4707,7897
1206,714957620017307648,1558,4439
1207,714631576617938945,1099,3506
1208,714606013974974464,1023,3881
1209,714485234495041536,1284,2915
1210,714258258790387713,792,3226
1211,714251586676113411,926,3506
1212,714214115368108032,968,2438
1213,714141408463036416,1539,4609
1214,713919462244790272,854,3499
1215,713909862279876608,600,2043
1216,713900603437621249,819,3023
1217,713761197720473600,1517,5229
1218,713411074226274305,1418,4719
1219,713177543487135744,3121,7734
1220,713175907180089344,1599,4785
1221,712809025985978368,7431,20008
1222,712717840512598017,5485,13270
1223,712668654853337088,1340,4462
1224,712438159032893441,1716,5711
1225,712309440758808576,26,265
1226,712097430750289920,1153,4082
1227,712092745624633345,997,3163
1228,712085617388212225,542,3475
1229,712065007010385924,693,2418
1230,711998809858043904,137,0
1231,711968124745228288,2544,8640
1232,711743778164514816,1084,3053
1233,711732680602345472,4541,9586
1234,711694788429553666,20096,35289
1235,711652651650457602,1015,4157
1236,711363825979756544,1259,3924
1237,711306686208872448,804,3540
1238,711008018775851008,691,3217
1239,710997087345876993,1537,4887
1240,710844581445812225,754,2739
1241,710833117892898816,591,2892
1242,710658690886586372,625,2473
1243,710609963652087808,2579,5149
1244,710588934686908417,2065,4895
1245,710296729921429505,814,2539
1246,710283270106132480,568,2279
1247,710272297844797440,1387,4857
1248,710269109699739648,1235,2576
1249,710153181850935296,980,3115
1250,710140971284037632,983,2974
1251,710117014656950272,2199,5911
1252,709918798883774466,1187,3199
1253,709901256215666688,109,721
1254,709852847387627521,1313,3767
1255,709566166965075968,1338,3794
1256,709556954897764353,1175,3530
1257,709519240576036864,267,1596
1258,709449600415961088,653,2391
1259,709409458133323776,767,2818
1260,709225125749587968,632,2577
1261,709207347839836162,6429,13543
1262,709198395643068416,706,2592
1263,709179584944730112,745,2168
1264,709158332880297985,459,2198
1265,709042156699303936,1817,5123
1266,708853462201716736,724,1922
1267,708845821941387268,988,3182
1268,708834316713893888,554,1824
1269,708810915978854401,7661,17738
1270,708738143638450176,896,2940
1271,708711088997666817,806,2741
1272,708479650088034305,749,2728
1273,708469915515297792,903,3306
1274,708400866336894977,11122,17218
1275,708356463048204288,1492,3883
1276,708349470027751425,813,2523
1277,708149363256774660,1693,4581
1278,708130923141795840,927,3647
1279,708119489313951744,1076,2889
1280,708109389455101952,596,2080
1281,708026248782585858,2121,4694
1282,707995814724026368,1238,3332
1283,707983188426153984,2,51
1284,707969809498152960,1073,2897
1285,707776935007539200,1049,3522
1286,707741517457260545,675,2676
1287,707738799544082433,2724,4410
1288,707693576495472641,1104,3688
1289,707629649552134146,968,2775
1290,707610948723478529,7090,18262
1291,707420581654872064,774,2449
1292,707411934438625280,661,2442
1293,707387676719185920,1447,3775
1294,707377100785885184,1188,3535
1295,707315916783140866,709,2653
1296,707297311098011648,885,2958
1297,707059547140169728,747,2762
1298,707038192327901184,884,2365
1299,707021089608753152,1515,4364
1300,707014260413456384,652,2468
1301,706904523814649856,8653,15684
1302,706901761596989440,665,2225
1303,706681918348251136,1067,3563
1304,706644897839910912,1204,2775
1305,706593038911545345,694,2320
1306,706538006853918722,1552,3716
1307,706516534877929472,1134,3335
1308,706346369204748288,1016,3706
1309,706310011488698368,8823,23071
1310,706291001778950144,513,1827
1311,706265994973601792,1010,2924
1312,706169069255446529,2455,4216
1313,706166467411222528,1776,5531
1314,706153300320784384,424,1606
1315,705975130514706432,821,3338
1316,705970349788291072,989,3376
1317,705898680587526145,626,2550
1318,705786532653883392,585,2095
1319,705591895322394625,1279,3416
1320,705475953783398401,1023,3192
1321,705442520700944385,1826,4797
1322,705428427625635840,1879,4113
1323,705239209544720384,829,3226
1324,705223444686888960,885,2774
1325,705102439679201280,572,2314
1326,705066031337840642,667,2337
1327,704871453724954624,1229,4533
1328,704859558691414016,601,2423
1329,704847917308362754,1697,5514
1330,704819833553219584,1115,2849
1331,704761120771465216,3199,7150
1332,704499785726889984,1103,3169
1333,704491224099647488,95,824
1334,704480331685040129,1173,3663
1335,704364645503647744,3919,8656
1336,704347321748819968,386,1704
1337,704134088924532736,510,1626
1338,704113298707505153,619,1998
1339,704054845121142784,1007,3151
1340,703774238772166656,514,1985
1341,703769065844768768,1253,3554
1342,703631701117943808,761,2795
1343,703611486317502464,1678,4159
1344,703425003149250560,1527,4097
1345,703407252292673536,766,2653
1346,703382836347330562,1262,3776
1347,703356393781329922,426,2048
1348,703268521220972544,610,2115
1349,703079050210877440,3412,7948
1350,703041949650034688,13877,28504
1351,702932127499816960,799,2780
1352,702899151802126337,499,1741
1353,702684942141153280,1192,3462
1354,702671118226825216,619,2361
1355,702598099714314240,3629,11140
1356,702539513671897089,1064,3085
1357,702332542343577600,1713,3446
1358,702321140488925184,1138,3545
1359,702276748847800320,842,2659
1360,702217446468493312,1483,5186
1361,701981390485725185,1088,3703
1362,701952816642965504,1126,4113
1363,701889187134500865,1520,3841
1364,701805642395348998,1867,3694
1365,701601587219795968,511,2248
1366,701570477911896070,1033,3028
1367,701545186879471618,669,2854
1368,701214700881756160,5679,13239
1369,700890391244103680,637,2400
1370,700864154249383937,674,2790
1371,700847567345688576,551,2613
1372,700796979434098688,1058,2623
1373,700747788515020802,10382,24690
1374,700518061187723268,886,2835
1375,700505138482569216,631,2448
1376,700462010979500032,1994,4468
1377,700167517596164096,824,2854
1378,700151421916807169,736,2416
1379,700143752053182464,3058,8140
1380,700062718104104960,763,2839
1381,700029284593901568,644,2225
1382,700002074055016451,1492,3568
1383,699801817392291840,1072,3287
1384,699788877217865730,545,2426
1385,699779630832685056,1371,2986
1386,699775878809702401,671,2108
1387,699691744225525762,5073,11055
1388,699446877801091073,2889,6386
1389,699434518667751424,567,2342
1390,699423671849451520,370,1477
1391,699413908797464576,682,2220
1392,699370870310113280,488,2021
1393,699323444782047232,964,3401
1394,699088579889332224,699,2408
1395,699079609774645248,726,2632
1396,699072405256409088,1308,3241
1397,699060279947165696,2011,4079
1398,699036661657767936,1319,2818
1399,698989035503689728,1086,3655
1400,698953797952008193,997,2915
1401,698907974262222848,683,2736
1402,698710712454139905,757,2669
1403,698703483621523456,419,1567
1404,698635131305795584,375,1380
1405,698549713696649216,687,2495
1406,698355670425473025,500,2012
1407,698342080612007937,1053,2446
1408,698262614669991936,2231,5119
1409,698195409219559425,6608,18112
1410,698178924120031232,814,3034
1411,697995514407682048,365,1639
1412,697990423684476929,1425,3546
1413,697943111201378304,760,2582
1414,697881462549430272,1313,3255
1415,697630435728322560,597,1879
1416,697616773278015490,1121,3403
1417,697596423848730625,1395,3262
1418,697575480820686848,558,2204
1419,697516214579523584,1253,2235
1420,697482927769255936,751,2608
1421,697463031882764288,1524,3685
1422,697270446429966336,2055,5035
1423,697259378236399616,1106,3552
1424,697255105972801536,1286,3255
1425,697242256848379904,737,2711
1426,696900204696625153,1134,3447
1427,696894894812565505,747,2538
1428,696886256886657024,1983,5222
1429,696877980375769088,786,2638
1430,696754882863349760,392,1585
1431,696744641916489729,1051,2250
1432,696713835009417216,729,2565
1433,696518437233913856,1858,4210
1434,696490539101908992,166,1319
1435,696488710901260288,1144,2744
1436,696405997980676096,1259,3468
1437,696100768806522880,734,2090
1438,695816827381944320,1292,3236
1439,695794761660297217,862,3433
1440,695767669421768709,830,2020
1441,695629776980148225,2335,4933
1442,695446424020918272,1998,4697
1443,695409464418041856,3944,9292
1444,695314793360662529,1637,3932
1445,695095422348574720,675,2834
1446,695074328191332352,1217,3061
1447,695064344191721472,666,1733
1448,695051054296211456,875,2867
1449,694925794720792577,1016,2908
1450,694905863685980160,1037,2990
1451,694669722378485760,15955,38203
1452,694356675654983680,321,1627
1453,694352839993344000,687,2200
1454,694342028726001664,543,1700
1455,694329668942569472,553,2167
1456,694206574471057408,2256,4518
1457,694183373896572928,1026,3180
1458,694001791655137281,1155,3641
1459,693993230313091072,449,2016
1460,693942351086120961,408,1863
1461,693647888581312512,659,2911
1462,693644216740769793,143,1447
1463,693642232151285760,461,2741
1464,693629975228977152,883,2638
1465,693622659251335168,409,1657
1466,693590843962331137,2179,5467
1467,693582294167244802,284,1775
1468,693486665285931008,686,1904
1469,693280720173801472,1376,3614
1470,693267061318012928,906,2567
1471,693262851218264065,558,2407
1472,693231807727280129,812,3076
1473,693155686491000832,3555,8520
1474,693109034023534592,676,1853
1475,693095443459342336,512,2017
1476,692919143163629568,826,2882
1477,692905862751522816,977,2629
1478,692901601640583168,669,1938
1479,692894228850999298,893,2464
1480,692828166163931137,973,3098
1481,692752401762250755,4035,7370
1482,692568918515392513,1701,4662
1483,692535307825213440,1502,3448
1484,692530551048294401,467,1987
1485,692423280028966913,257,1590
1486,692417313023332352,3837,10105
1487,692187005137076224,912,2715
1488,692158366030913536,885,2322
1489,692142790915014657,433,1762
1490,692041934689402880,1406,3659
1491,692017291282812928,1063,3092
1492,691820333922455552,1826,4251
1493,691793053716221953,4646,8779
1494,691756958957883396,1142,3126
1495,691675652215414786,565,2085
1496,691483041324204033,640,2552
1497,691459709405118465,1274,4381
1498,691444869282295808,941,2856
1499,691416866452082688,8478,20898
1500,691321916024623104,733,2783
1501,691096613310316544,1000,3199
1502,691090071332753408,378,1839
1503,690989312272396288,3197,6386
1504,690959652130045952,1391,3849
1505,690938899477221376,2212,4468
1506,690932576555528194,1124,3549
1507,690735892932222976,1418,4065
1508,690728923253055490,580,2334
1509,690690673629138944,879,2500
1510,690649993829576704,314,1409
1511,690607260360429569,19,313
1512,690597161306841088,669,2117
1513,690400367696297985,500,2008
1514,690374419777196032,962,3498
1515,690360449368465409,985,2870
1516,690348396616552449,560,1615
1517,690248561355657216,460,1813
1518,690021994562220032,1150,3014
1519,690015576308211712,816,2698
1520,690005060500217858,1870,3937
1521,689999384604450816,415,1533
1522,689993469801164801,510,1583
1523,689977555533848577,491,1471
1524,689905486972461056,771,2609
1525,689877686181715968,1317,3248
1526,689835978131935233,837,2335
1527,689661964914655233,1024,3441
1528,689659372465688576,4316,11228
1529,689623661272240129,726,2420
1530,689599056876867584,6116,12555
1531,689557536375177216,509,2217
1532,689517482558820352,1581,3660
1533,689289219123089408,1033,2428
1534,689283819090870273,1226,3553
1535,689280876073582592,799,2160
1536,689275259254616065,275,1249
1537,689255633275777024,1193,2767
1538,689154315265683456,1112,3303
1539,689143371370250240,575,2191
1540,688916208532455424,962,2943
1541,688908934925697024,857,2275
1542,688898160958271489,874,2270
1543,688894073864884227,777,2408
1544,688828561667567616,412,1478
1545,688804835492233216,219,1029
1546,688789766343622656,736,2386
1547,688547210804498433,776,2808
1548,688519176466644993,808,2482
1549,688385280030670848,4935,10035
1550,688211956440801280,931,2393
1551,688179443353796608,653,2284
1552,688116655151435777,870,3042
1553,688064179421470721,401,1847
1554,687841446767013888,2814,5905
1555,687826841265172480,1260,2944
1556,687818504314159109,1065,2705
1557,687807801670897665,776,2582
1558,687732144991551489,731,1898
1559,687704180304273409,937,2631
1560,687664829264453632,570,2093
1561,687494652870668288,641,2068
1562,687480748861947905,278,1724
1563,687476254459715584,602,2141
1564,687460506001633280,601,2200
1565,687399393394311168,692,2044
1566,687317306314240000,10177,21723
1567,687312378585812992,2111,4696
1568,687127927494963200,2535,5907
1569,687124485711986689,561,2332
1570,687109925361856513,2745,6264
1571,687102708889812993,1099,2519
1572,687096057537363968,680,2415
1573,686947101016735744,3517,9280
1574,686760001961103360,1525,3793
1575,686749460672679938,1631,3751
1576,686730991906516992,1327,4482
1577,686683045143953408,893,3021
1578,686618349602762752,1511,3976
1579,686606069955735556,599,2033
1580,686394059078897668,757,1895
1581,686386521809772549,981,3500
1582,686377065986265092,626,2390
1583,686358356425093120,757,2369
1584,686286779679375361,1853,4324
1585,686050296934563840,819,2381
1586,686035780142297088,134,1253
1587,686034024800862208,1304,3363
1588,686007916130873345,464,2668
1589,686003207160610816,713,1965
1590,685973236358713344,595,2282
1591,685943807276412928,682,1770
1592,685906723014619143,3233,8126
1593,685681090388975616,140,2186
1594,685667379192414208,644,2522
1595,685663452032069632,1622,3500
1596,685641971164143616,862,3163
1597,685547936038666240,17395,35599
1598,685532292383666176,1278,3279
1599,685325112850124800,4438,10270
1600,685321586178670592,719,2866
1601,685315239903100929,1204,3614
1602,685307451701334016,488,2222
1603,685268753634967552,1342,3354
1604,685198997565345792,742,2507
1605,685169283572338688,1590,4414
1606,684969860808454144,428,2468
1607,684959798585110529,3468,7181
1608,684940049151070208,1162,3466
1609,684926975086034944,534,3786
1610,684914660081053696,1626,3785
1611,684902183876321280,594,2019
1612,684880619965411328,919,2258
1613,684830982659280897,23964,37890
1614,684800227459624960,1096,2928
1615,684594889858887680,3930,9663
1616,684588130326986752,1565,4439
1617,684567543613382656,1382,3257
1618,684538444857667585,1067,2865
1619,684481074559381504,1297,4174
1620,684460069371654144,616,2129
1621,684241637099323392,3657,8826
1622,684225744407494656,235,1340
1623,684222868335505415,1534,4153
1624,684200372118904832,1145,2348
1625,684195085588783105,578,2065
1626,684188786104872960,1309,3756
1627,684177701129875456,747,2180
1628,684147889187209216,1660,3204
1629,684122891630342144,527,2141
1630,684097758874210310,1592,4439
1631,683857920510050305,1235,4095
1632,683852578183077888,391,2075
1633,683849932751646720,1090,2826
1634,683834909291606017,1235,2831
1635,683828599284170753,1167,2998
1636,683773439333797890,1501,3616
1637,683742671509258241,3705,7042
1638,683515932363329536,3223,7939
1639,683498322573824003,1066,3409
1640,683481228088049664,1096,2834
1641,683462770029932544,748,2630
1642,683449695444799489,1782,4210
1643,683391852557561860,2641,8206
1644,683357973142474752,1042,3176
1645,683142553609318400,1154,3102
1646,683111407806746624,1016,3675
1647,683098815881154561,721,2330
1648,683078886620553216,623,2136
1649,683030066213818368,810,2327
1650,682962037429899265,18590,40008
1651,682808988178739200,206,1913
1652,682788441537560576,1241,2660
1653,682750546109968385,483,1639
1654,682697186228989953,395,1412
1655,682662431982772225,1186,3286
1656,682638830361513985,665,2220
1657,682429480204398592,1286,3701
1658,682406705142087680,1962,8178
1659,682393905736888321,755,2393
1660,682389078323662849,513,1795
1661,682303737705140231,1108,3321
1662,682259524040966145,1355,4501
1663,682242692827447297,1311,3510
1664,682088079302213632,11014,19787
1665,682059653698686977,1882,5355
1666,682047327939461121,1070,3472
1667,682032003584274432,2239,7093
1668,682003177596559360,1694,3390
1669,681981167097122816,1139,2984
1670,681891461017812993,929,2653
1671,681694085539872773,4477,13774
1672,681679526984871937,492,1893
1673,681654059175129088,1026,2852
1674,681610798867845120,522,2066
1675,681579835668455424,1454,3824
1676,681523177663676416,6474,15465
1677,681340665377193984,309,1773
1678,681339448655802368,4509,10023
1679,681320187870711809,846,2873
1680,681302363064414209,2032,4263
1681,681297372102656000,1066,3432
1682,681281657291280384,1225,3465
1683,681261549936340994,301,1563
1684,681242418453299201,609,1612
1685,681231109724700672,532,2576
1686,681193455364796417,1651,4000
1687,680970795137544192,731,2617
1688,680959110691590145,2204,4910
1689,680940246314430465,1182,3475
1690,680934982542561280,489,2236
1691,680913438424612864,691,2569
1692,680889648562991104,409,1901
1693,680836378243002368,1485,3712
1694,680805554198020098,737,2333
1695,680801747103793152,912,2558
1696,680798457301471234,1159,3081
1697,680609293079592961,794,2837
1698,680583894916304897,1483,3885
1699,680497766108381184,2127,4565
1700,680494726643068929,533,1844
1701,680473011644985345,829,2726
1702,680440374763077632,554,1556
1703,680221482581123072,324,1567
1704,680206703334408192,1300,3052
1705,680191257256136705,568,2307
1706,680176173301628928,1732,4199
1707,680161097740095489,811,2490
1708,680145970311643136,1930,3890
1709,680130881361686529,1054,2471
1710,680115823365742593,1010,2916
1711,680100725817409536,1517,3831
1712,680085611152338944,9841,13745
1713,680070545539371008,970,2768
1714,680055455951884288,7899,17977
1715,679877062409191424,710,2119
1716,679872969355714560,732,2324
1717,679862121895714818,688,2642
1718,679854723806179328,1364,3094
1719,679844490799091713,866,2551
1720,679828447187857408,15508,39055
1721,679777920601223168,1248,3328
1722,679736210798047232,889,2266
1723,679729593985699840,913,2326
1724,679722016581222400,523,1782
1725,679530280114372609,2294,5128
1726,679527802031484928,806,2852
1727,679511351870550016,1427,3638
1728,679503373272485890,1640,3413
1729,679475951516934144,710,2253
1730,679462823135686656,20845,34217
1731,679405845277462528,1340,2562
1732,679158373988876288,8986,23140
1733,679148763231985668,1140,2981
1734,679132435750195208,1285,3190
1735,679111216690831360,2838,6412
1736,679062614270468097,9116,18401
1737,679047485189439488,760,2428
1738,679001094530465792,1362,3032
1739,678991772295516161,1299,2503
1740,678969228704284672,514,1764
1741,678800283649069056,996,2765
1742,678798276842360832,1317,3743
1743,678774928607469569,1018,2992
1744,678767140346941444,1521,3792
1745,678764513869611008,530,1752
1746,678755239630127104,3667,7677
1747,678740035362037760,1894,4030
1748,678708137298427904,2696,5976
1749,678675843183484930,1645,3086
1750,678643457146150913,479,2212
1751,678446151570427904,1748,4284
1752,678424312106393600,2823,5825
1753,678410210315247616,2017,4558
1754,678399652199309312,30228,61393
1755,678396796259975168,466,1707
1756,678389028614488064,464,2002
1757,678380236862578688,996,2611
1758,678341075375947776,594,1863
1759,678334497360859136,296,1395
1760,678278586130948096,6702,12317
1761,678255464182861824,409,1698
1762,678023323247357953,431,2062
1763,678021115718029313,7009,14746
1764,677961670166224897,1846,3648
1765,677918531514703872,448,1447
1766,677895101218201600,2338,5183
1767,677716515794329600,1079,3270
1768,677700003327029250,1581,3629
1769,677698403548192770,354,1309
1770,677687604918272002,928,2640
1771,677673981332312066,1644,3572
1772,677662372920729601,1074,2094
1773,677644091929329666,874,2010
1774,677573743309385728,807,2288
1775,677565715327688705,505,1382
1776,677557565589463040,1286,2615
1777,677547928504967168,3992,7429
1778,677530072887205888,246,1140
1779,677335745548390400,1974,3272
1780,677334615166730240,325,1453
1781,677331501395156992,261,1169
1782,677328882937298944,1652,3880
1783,677314812125323265,596,1761
1784,677301033169788928,456,1334
1785,677269281705472000,777,2126
1786,677228873407442944,1799,3781
1787,677187300187611136,1008,2924
1788,676975532580409345,1177,2961
1789,676957860086095872,891,2352
1790,676949632774234114,435,1386
1791,676948236477857792,961,2312
1792,676946864479084545,416,1818
1793,676942428000112642,842,2216
1794,676936541936185344,5401,13576
1795,676916996760600576,1966,3173
1796,676897532954456065,801,2396
1797,676864501615042560,785,2241
1798,676821958043033607,17183,24656
1799,676819651066732545,726,1921
1800,676811746707918848,463,1510
1801,676776431406465024,2200,5302
1802,676617503762681856,1085,3091
1803,676613908052996102,213,1157
1804,676606785097199616,484,2006
1805,676603393314578432,431,1252
1806,676593408224403456,2365,4874
1807,676590572941893632,139,979
1808,676588346097852417,873,2484
1809,676582956622721024,308,1286
1810,676575501977128964,1235,2760
1811,676533798876651520,607,1999
1812,676496375194980353,588,1608
1813,676470639084101634,5119,12422
1814,676440007570247681,734,1831
1815,676430933382295552,377,1486
1816,676263575653122048,595,2203
1817,676237365392908289,328,1300
1818,676219687039057920,33957,79131
1819,676215927814406144,645,1846
1820,676191832485810177,1123,2424
1821,676146341966438401,726,2046
1822,676121918416756736,1273,2290
1823,676101918813499392,1261,2983
1824,676098748976615425,1574,3209
1825,676089483918516224,469,1402
1826,675898130735476737,637,1744
1827,675891555769696257,953,2267
1828,675888385639251968,1047,2535
1829,675878199931371520,1544,4440
1830,675870721063669760,619,1747
1831,675853064436391936,1424,2864
1832,675849018447167488,167,1000
1833,675845657354215424,974,2432
1834,675822767435051008,579,1620
1835,675820929667219457,252,1119
1836,675798442703122432,3700,10895
1837,675781562965868544,518,1711
1838,675740360753160193,379,1233
1839,675710890956750848,904,2009
1840,675707330206547968,754,2111
1841,675706639471788032,104,681
1842,675534494439489536,457,1911
1843,675531475945709568,421,1249
1844,675522403582218240,308,1103
1845,675517828909424640,497,1387
1846,675501075957489664,6346,18190
1847,675497103322386432,1420,3327
1848,675489971617296384,650,1377
1849,675483430902214656,1058,1952
1850,675432746517426176,617,1604
1851,675372240448454658,549,1803
1852,675362609739206656,253,1114
1853,675354435921575936,18611,34697
1854,675349384339542016,2469,4172
1855,675334060156301312,1402,2950
1856,675166823650848770,1757,3830
1857,675153376133427200,2839,6672
1858,675149409102012420,1835,3963
1859,675147105808306176,262,1003
1860,675146535592706048,341,1269
1861,675145476954566656,981,2256
1862,675135153782571009,532,1367
1863,675113801096802304,854,2075
1864,675111688094527488,276,1021
1865,675109292475830276,1228,2947
1866,675047298674663426,356,1119
1867,675015141583413248,1298,2857
1868,675006312288268288,245,1032
1869,675003128568291329,507,1638
1870,674999807681908736,1205,2383
1871,674805413498527744,385,912
1872,674800520222154752,936,3173
1873,674793399141146624,1194,2646
1874,674790488185167872,272,1164
1875,674788554665512960,225,852
1876,674781762103414784,1312,2112
1877,674774481756377088,522,1191
1878,674767892831932416,863,1936
1879,674764817387900928,259,833
1880,674754018082705410,482,1439
1881,674752233200820224,503,1552
1882,674743008475090944,595,1476
1883,674742531037511680,54,516
1884,674739953134403584,425,1178
1885,674737130913071104,100,676
1886,674690135443775488,503,1209
1887,674670581682434048,704,1708
1888,674664755118911488,273,973
1889,674646392044941312,545,1507
1890,674644256330530816,299,1081
1891,674638615994089473,632,1775
1892,674632714662858753,622,1581
1893,674606911342424069,110,992
1894,674468880899788800,2227,6548
1895,674447403907457024,385,1121
1896,674436901579923456,422,1175
1897,674422304705744896,575,1508
1898,674416750885273600,152,716
1899,674410619106390016,508,1263
1900,674394782723014656,619,1578
1901,674372068062928900,334,900
1902,674330906434379776,80,588
1903,674318007229923329,559,1484
1904,674307341513269249,7491,11927
1905,674291837063053312,6380,15541
1906,674271431610523648,785,1654
1907,674269164442398721,250,943
1908,674265582246694913,913,1721
1909,674262580978937856,491,1358
1910,674255168825880576,606,1547
1911,674082852460433408,182,789
1912,674075285688614912,308,1028
1913,674063288070742018,2399,6699
1914,674053186244734976,1411,3506
1915,674051556661161984,523,1532
1916,674045139690631169,694,1490
1917,674042553264685056,139,756
1918,674038233588723717,443,1157
1919,674036086168010753,235,886
1920,674024893172875264,1325,1880
1921,674019345211760640,330,1189
1922,674014384960745472,702,1644
1923,674008982932058114,382,1265
1924,673956914389192708,1046,2059
1925,673919437611909120,391,1222
1926,673906403526995968,1767,3347
1927,673887867907739649,270,979
1928,673716320723169284,821,3235
1929,673715861853720576,2256,3737
1930,673711475735838725,320,1093
1931,673709992831262724,299,890
1932,673708611235921920,310,1122
1933,673707060090052608,422,1157
1934,673705679337693185,426,1315
1935,673700254269775872,614,1506
1936,673697980713705472,2116,3985
1937,673689733134946305,694,1828
1938,673688752737402881,529,1325
1939,673686845050527744,469,1515
1940,673680198160809984,509,1432
1941,673662677122719744,388,1309
1942,673656262056419329,262,750
1943,673636718965334016,398,1174
1944,673612854080196609,784,1663
1945,673583129559498752,393,1246
1946,673580926094458881,289,865
1947,673576835670777856,601,1447
1948,673363615379013632,334,1067
1949,673359818736984064,717,1524
1950,673355879178194945,635,1565
1951,673352124999274496,581,1725
1952,673350198937153538,225,765
1953,673345638550134785,1386,2643
1954,673343217010679808,285,1013
1955,673342308415348736,636,1324
1956,673320132811366400,8518,14194
1957,673317986296586240,284,902
1958,673295268553605120,3406,7891
1959,673270968295534593,396,1111
1960,673240798075449344,778,1481
1961,673213039743795200,907,2363
1962,673148804208660480,681,1782
1963,672997845381865473,770,2055
1964,672995267319328768,320,998
1965,672988786805112832,308,1016
1966,672984142909456390,583,1300
1967,672980819271634944,1057,1883
1968,672975131468300288,992,1768
1969,672970152493887488,380,996
1970,672968025906282496,591,1372
1971,672964561327235073,691,1487
1972,672902681409806336,538,1422
1973,672898206762672129,448,927
1974,672884426393653248,882,1623
1975,672877615439593473,394,1075
1976,672834301050937345,614,1375
1977,672828477930868736,519,1319
1978,672640509974827008,345,1016
1979,672622327801233409,527,1355
1980,672614745925664768,632,1276
1981,672609152938721280,416,1160
1982,672604026190569472,436,1167
1983,672594978741354496,648,1379
1984,672591762242805761,356,992
1985,672591271085670400,201,760
1986,672538107540070400,398,1072
1987,672523490734551040,185,679
1988,672488522314567680,472,1163
1989,672482722825261057,652,1188
1990,672481316919734272,131,741
1991,672475084225949696,756,1508
1992,672466075045466113,581,1416
1993,672272411274932228,3613,6759
1994,672267570918129665,651,1561
1995,672264251789176834,370,1197
1996,672256522047614977,1668,2942
1997,672254177670729728,787,1486
1998,672248013293752320,646,1800
1999,672245253877968896,167,714
2000,672239279297454080,342,935
2001,672231046314901505,1074,1922
2002,672222792075620352,227,816
2003,672205392827572224,1237,2364
2004,672169685991993344,395,1059
2005,672160042234327040,386,907
2006,672139350159835138,773,1835
2007,672125275208069120,1221,2516
2008,672095186491711488,392,1038
2009,672082170312290304,392,986
2010,672068090318987265,551,1358
2011,671896809300709376,4431,8846
2012,671891728106971137,601,1388
2013,671882082306625538,1471,3620
2014,671879137494245376,734,1477
2015,671874878652489728,590,1306
2016,671866342182637568,536,1171
2017,671855973984772097,487,956
2018,671789708968640512,3729,7393
2019,671768281401958400,557,1242
2020,671763349865160704,981,1752
2021,671744970634719232,824,1400
2022,671743150407421952,241,770
2023,671735591348891648,797,1508
2024,671729906628341761,4669,8941
2025,671561002136281088,7747,13464
2026,671550332464455680,223,953
2027,671547767500775424,637,1420
2028,671544874165002241,1124,2089
2029,671542985629241344,604,1140
2030,671538301157904385,425,965
2031,671536543010570240,436,1229
2032,671533943490011136,614,1072
2033,671528761649688577,275,878
2034,671520732782923777,575,1461
2035,671518598289059840,312,989
2036,671511350426865664,775,1690
2037,671504605491109889,3781,7368
2038,671497587707535361,473,964
2039,671488513339211776,505,1052
2040,671486386088865792,222,611
2041,671485057807351808,247,793
2042,671390180817915904,788,1483
2043,671362598324076544,312,1170
2044,671357843010908160,156,418
2045,671355857343524864,119,498
2046,671347597085433856,462,1013
2047,671186162933985280,231,770
2048,671182547775299584,366,1173
2049,671166507850801152,378,910
2050,671163268581498880,1184,1737
2051,671159727754231808,89,391
2052,671154572044468225,231,755
2053,671151324042559489,162,700
2054,671147085991960577,246,699
2055,671141549288370177,697,1220
2056,671138694582165504,430,971
2057,671134062904504320,208,781
2058,671122204919246848,2703,3657
2059,671115716440031232,823,1405
2060,671109016219725825,469,1197
2061,670995969505435648,310,1153
2062,670842764863651840,9379,25681
2063,670840546554966016,210,619
2064,670838202509447168,741,1164
2065,670833812859932673,133,464
2066,670832455012716544,236,763
2067,670826280409919488,4363,5829
2068,670823764196741120,203,810
2069,670822709593571328,104,635
2070,670815497391357952,1662,3329
2071,670811965569282048,288,1177
2072,670807719151067136,524,1199
2073,670804601705242624,1008,2058
2074,670803562457407488,93,351
2075,670797304698376195,252,758
2076,670792680469889025,294,870
2077,670789397210615808,254,689
2078,670786190031921152,215,630
2079,670783437142401025,422,854
2080,670782429121134593,841,1650
2081,670780561024270336,307,810
2082,670778058496974848,76,341
2083,670764103623966721,454,1126
2084,670755717859713024,120,466
2085,670733412878163972,540,1005
2086,670727704916926465,392,867
2087,670717338665226240,530,1276
2088,670704688707301377,395,795
2089,670691627984359425,257,613
2090,670679630144274432,311,784
2091,670676092097810432,45,261
2092,670668383499735048,5391,11235
2093,670474236058800128,817,1602
2094,670468609693655041,89,366
2095,670465786746662913,591,1012
2096,670452855871037440,220,572
2097,670449342516494336,718,1243
2098,670444955656130560,2109,7018
2099,670442337873600512,207,678
2100,670435821946826752,560,1098
2101,670434127938719744,693,1472
2102,670433248821026816,121,336
2103,670428280563085312,677,1455
2104,670427002554466305,174,537
2105,670421925039075328,685,1371
2106,670420569653809152,333,658
2107,670417414769758208,343,591
2108,670411370698022913,969,2138
2109,670408998013820928,239,586
2110,670403879788544000,170,449
2111,670385711116361728,227,584
2112,670374371102445568,287,772
2113,670361874861563904,71,340
2114,670338931251150849,118,444
2115,670319130621435904,1324,4035
2116,670303360680108032,146,442
2117,670290420111441920,305,737
2118,670093938074779648,359,1084
2119,670086499208155136,268,725
2120,670079681849372674,1345,2332
2121,670073503555706880,846,1637
2122,670069087419133954,265,664
2123,670061506722140161,370,801
2124,670055038660800512,355,696
2125,670046952931721218,188,675
2126,670040295598354432,117,786
2127,670037189829525505,299,612
2128,670003130994700288,98,345
2129,669993076832759809,90,337
2130,669972011175813120,172,462
2131,669970042633789440,65,315
2132,669942763794931712,180,526
2133,669926384437997569,112,394
2134,669923323644657664,62,245
2135,669753178989142016,426,841
2136,669749430875258880,68,284
2137,669684865554620416,94,544
2138,669683899023405056,117,408
2139,669682095984410625,141,369
2140,669680153564442624,307,699
2141,669661792646373376,467,840
2142,669625907762618368,1923,3701
2143,669603084620980224,394,992
2144,669597912108789760,160,538
2145,669583744538451968,992,1559
2146,669573570759163904,154,455
2147,669571471778410496,1068,1659
2148,669567591774625800,61,244
2149,669564461267722241,131,405
2150,669393256313184256,81,377
2151,669375718304980992,772,1396
2152,669371483794317312,190,515
2153,669367896104181761,169,480
2154,669363888236994561,246,652
2155,669359674819481600,132,383
2156,669354382627049472,1356,2838
2157,669353438988365824,273,674
2158,669351434509529089,200,465
2159,669328503091937280,442,1055
2160,669327207240699904,122,600
2161,669324657376567296,220,516
2162,669216679721873412,409,945
2163,669214165781868544,179,461
2164,669203728096960512,510,1057
2165,669037058363662336,329,683
2166,669015743032369152,395,776
2167,669006782128353280,265,600
2168,669000397445533696,6797,21808
2169,668994913074286592,250,460
2170,668992363537309700,376,784
2171,668989615043424256,349,711
2172,668988183816871936,507,946
2173,668986018524233728,180,574
2174,668981893510119424,330,565
2175,668979806671884288,376,831
2176,668975677807423489,623,1370
2177,668967877119254528,25,157
2178,668960084974809088,253,740
2179,668955713004314625,74,296
2180,668932921458302977,62,281
2181,668902994700836864,106,332
2182,668892474547511297,163,414
2183,668872652652679168,317,551
2184,668852170888998912,175,471
2185,668826086256599040,148,457
2186,668815180734689280,287,597
2187,668779399630725120,399,736
2188,668655139528511488,230,553
2189,668645506898350081,578,938
2190,668643542311546881,567,925
2191,668641109086707712,568,1125
2192,668636665813057536,515,1089
2193,668633411083464705,1753,2959
2194,668631377374486528,341,748
2195,668627278264475648,122,333
2196,668625577880875008,140,410
2197,668623201287675904,836,1513
2198,668620235289837568,45,210
2199,668614819948453888,337,639
2200,668587383441514497,1149,1735
2201,668567822092664832,61,257
2202,668544745690562560,243,542
2203,668542336805281792,227,483
2204,668537837512433665,78,260
2205,668528771708952576,238,490
2206,668507509523615744,113,339
2207,668496999348633600,141,429
2208,668484198282485761,250,445
2209,668480044826800133,157,482
2210,668466899341221888,547,923
2211,668297328638447616,313,646
2212,668291999406125056,34,261
2213,668286279830867968,147,526
2214,668274247790391296,246,866
2215,668268907921326080,255,580
2216,668256321989451776,657,1359
2217,668248472370458624,517,1036
2218,668237644992782336,3029,6491
2219,668226093875376128,113,320
2220,668221241640230912,213,531
2221,668204964695683073,204,577
2222,668190681446379520,207,679
2223,668171859951755264,204,512
2224,668154635664932864,333,514
2225,668142349051129856,303,581
2226,668113020489474048,261,694
2227,667937095915278337,843,1330
2228,667924896115245057,119,309
2229,667915453470232577,58,218
2230,667911425562669056,320,510
2231,667902449697558528,391,878
2232,667886921285246976,1157,1972
2233,667885044254572545,518,849
2234,667878741721415682,126,405
2235,667873844930215936,431,657
2236,667866724293877760,1089,3119
2237,667861340749471744,83,251
2238,667832474953625600,68,296
2239,667806454573760512,525,1091
2240,667801013445750784,100,339
2241,667793409583771648,347,720
2242,667782464991965184,254,428
2243,667773195014021121,59,240
2244,667766675769573376,231,463
2245,667728196545200128,159,387
2246,667724302356258817,338,510
2247,667550904950915073,35,0
2248,667550882905632768,33,0
2249,667549055577362432,2415,6021
2250,667546741521195010,134,345
2251,667544320556335104,554,902
2252,667538891197542400,70,209
2253,667534815156183040,565,850
2254,667530908589760512,256,487
2255,667524857454854144,1177,1767
2256,667517642048163840,199,382
2257,667509364010450944,2232,7036
2258,667502640335572993,228,554
2259,667495797102141441,290,549
2260,667491009379606528,237,552
2261,667470559035432960,101,268
2262,667455448082227200,65,197
2263,667453023279554560,94,321
2264,667443425659232256,610,812
2265,667437278097252352,252,467
2266,667435689202614272,86,318
2267,667405339315146752,227,482
2268,667393430834667520,58,203
2269,667369227918143488,170,379
2270,667211855547486208,252,508
2271,667200525029539841,275,639
2272,667192066997374976,112,404
2273,667188689915760640,437,770
2274,667182792070062081,6505,14852
2275,667177989038297088,57,195
2276,667176164155375616,479,631
2277,667174963120574464,86,257
2278,667171260800061440,95,229
2279,667165590075940865,1208,2769
2280,667160273090932737,65,264
2281,667152164079423490,17877,48988
2282,667138269671505920,2327,4761
2283,667119796878725120,133,339
2284,667090893657276420,130,341
2285,667073648344346624,129,416
2286,667070482143944705,14,86
2287,667065535570550784,49,171
2288,667062181243039745,55,223
2289,667044094246576128,52,194
2290,667012601033924608,234,463
2291,666996132027977728,100,252
2292,666983947667116034,1026,2634
2293,666837028449972224,569,841
2294,666835007768551424,82,221
2295,666826780179869698,101,261
2296,666817836334096384,259,535
2297,666804364988780544,94,246
2298,666786068205871104,504,786
2299,666781792255496192,203,398
2300,666776908487630848,180,360
2301,666739327293083650,67,240
2302,666701168228331520,224,443
2303,666691418707132416,48,190
2304,666649482315059201,596,903
2305,666644823164719104,86,236
2306,666454714377183233,215,531
2307,666447344410484738,22,105
2308,666437273139982337,50,129
2309,666435652385423360,54,168
2310,666430724426358785,200,322
2311,666428276349472768,86,167
2312,666421158376562688,116,321
2313,666418789513326592,47,127
2314,666411507551481857,333,452
2315,666407126856765440,42,112
2316,666396247373291520,87,170
2317,666373753744588802,95,192
2318,666362758909284353,581,788
2319,666353288456101888,74,227
2320,666345417576210432,143,304
2321,666337882303524864,94,201
2322,666293911632134144,361,513
2323,666287406224695296,68,151
2324,666273097616637952,78,179
2325,666268910803644416,36,105
2326,666104133288665088,6720,14506
2327,666102155909144576,13,80
2328,666099513787052032,71,159
2329,666094000022159362,76,166
2330,666082916733198337,45,120
2331,666073100786774016,172,326
2332,666071193221509120,63,150
2333,666063827256086533,224,484
2334,666058600524156928,58,114
2335,666057090499244032,143,300
2336,666055525042405380,258,443
2337,666051853826850816,864,1236
2338,666050758794694657,59,133
2339,666049248165822465,40,109
2340,666044226329800704,141,304
2341,666033412701032449,45,126
2342,666029285002620928,47,131
2343,666020888022790149,519,2520
